filename,width,height,class,xmin,ymin,xmax,ymax
00313e1a-67a0-11e5-89b3-40f2e96c8ad8.jpg,2304,1536,garbage,1246,916,2297,1532
00313e1a-67a0-11e5-89b3-40f2e96c8ad8.jpg,2304,1536,garbage,495,488,1264,1126
004633f2-679f-11e5-b0e3-40f2e96c8ad8.jpg,4608,3456,garbage,166,1767,4383,3456
01589d72-6798-11e5-8c9e-40f2e96c8ad8.jpg,600,369,garbage,12,117,600,365
05c8ebfa-679d-11e5-90f4-40f2e96c8ad8.jpg,1969,1332,garbage,161,416,1746,1014
0694b03c-6798-11e5-8c9e-40f2e96c8ad8.jpg,600,450,garbage,6,6,585,448
071ddf2e-679d-11e5-90f4-40f2e96c8ad8.jpg,460,276,garbage,88,24,395,225
07ff75e6-6799-11e5-8dd0-40f2e96c8ad8.jpg,640,425,garbage,6,343,640,403
08c0dc6a-67a1-11e5-a5ed-40f2e96c8ad8.jpg,640,480,garbage,21,117,637,480
09064b10-679c-11e5-a533-40f2e96c8ad8.jpg,1600,1200,garbage,130,373,1599,1094
095a28ec-6798-11e5-8c9e-40f2e96c8ad8.jpg,635,412,garbage,84,74,486,412
09db550c-679d-11e5-90f4-40f2e96c8ad8.jpg,3625,3625,garbage,368,1520,3183,2312
09db550c-679d-11e5-90f4-40f2e96c8ad8.jpg,3625,3625,garbage,641,693,3252,1424
101a1540-67a0-11e5-89b3-40f2e96c8ad8.JPG,1280,960,garbage,50,313,615,947
10bab5d8-679e-11e5-8121-40f2e96c8ad8.jpg,1440,1080,garbage,60,370,328,594
10bab5d8-679e-11e5-8121-40f2e96c8ad8.jpg,1440,1080,garbage,762,450,974,681
10bab5d8-679e-11e5-8121-40f2e96c8ad8.jpg,1440,1080,garbage,532,385,616,489
1126d22c-679e-11e5-8121-40f2e96c8ad8.jpg,640,436,garbage,155,39,559,417
122a3e88-679f-11e5-b0e3-40f2e96c8ad8.jpg,450,338,garbage,14,154,450,235
12311590-679b-11e5-9696-40f2e96c8ad8.jpg,400,300,garbage,3,11,400,290
134f5306-679b-11e5-af8c-40f2e96c8ad8.jpg,1200,1800,garbage,91,154,1151,1800
13624fb6-679f-11e5-b0e3-40f2e96c8ad8.jpg,450,319,garbage,32,61,345,249
14aefa68-679f-11e5-b0e3-40f2e96c8ad8.jpg,1023,682,garbage,248,339,580,618
14aefa68-679f-11e5-b0e3-40f2e96c8ad8.jpg,1023,682,garbage,646,337,906,443
14aefa68-679f-11e5-b0e3-40f2e96c8ad8.jpg,1023,682,garbage,593,441,782,585
15124036-67a0-11e5-89b3-40f2e96c8ad8.jpg,528,396,garbage,2,40,528,351
15320f44-679e-11e5-8121-40f2e96c8ad8.jpg,430,322,garbage,46,106,362,250
15461d1a-679c-11e5-a533-40f2e96c8ad8.JPG,1516,1103,garbage,96,675,620,1000
15461d1a-679c-11e5-a533-40f2e96c8ad8.JPG,1516,1103,garbage,637,796,880,1022
15461d1a-679c-11e5-a533-40f2e96c8ad8.JPG,1516,1103,garbage,998,736,1478,1034
173e1a02-679f-11e5-b0e3-40f2e96c8ad8.jpg,1200,900,garbage,113,239,1200,672
180bb8e4-679b-11e5-af8c-40f2e96c8ad8.jpg,442,288,garbage,4,60,438,276
18316f92-67a2-11e5-b0b2-40f2e96c8ad8.jpg,280,168,garbage,11,109,280,154
18438c62-679e-11e5-8121-40f2e96c8ad8.jpg,780,439,garbage,127,338,266,415
18438c62-679e-11e5-8121-40f2e96c8ad8.jpg,780,439,garbage,334,324,448,422
18438c62-679e-11e5-8121-40f2e96c8ad8.jpg,780,439,garbage,563,301,745,421
18ba4d4e-6798-11e5-8c9e-40f2e96c8ad8.jpg,1600,1200,garbage,28,8,1597,1200
19aba664-679b-11e5-af8c-40f2e96c8ad8.jpg,460,288,garbage,5,5,446,287
2046f038-679f-11e5-b0e3-40f2e96c8ad8.jpg,816,459,garbage,301,48,806,459
2046f038-679f-11e5-b0e3-40f2e96c8ad8.jpg,816,459,garbage,8,116,293,443
2067208c-679b-11e5-af8c-40f2e96c8ad8.jpg,600,400,garbage,6,37,600,388
216b454c-6798-11e5-8c9e-40f2e96c8ad8.JPG,1280,960,garbage,322,360,1256,960
21a5e8a4-679e-11e5-8121-40f2e96c8ad8.jpg,640,468,garbage,123,258,548,411
2353aa7a-6798-11e5-8c9e-40f2e96c8ad8.jpg,636,424,garbage,73,114,589,424
2368445c-679e-11e5-8121-40f2e96c8ad8.jpg,624,460,garbage,132,208,270,261
2368445c-679e-11e5-8121-40f2e96c8ad8.jpg,624,460,garbage,367,203,431,238
2368445c-679e-11e5-8121-40f2e96c8ad8.jpg,624,460,garbage,211,126,244,153
2368445c-679e-11e5-8121-40f2e96c8ad8.jpg,624,460,garbage,169,125,207,154
2368445c-679e-11e5-8121-40f2e96c8ad8.jpg,624,460,garbage,389,324,472,357
2368445c-679e-11e5-8121-40f2e96c8ad8.jpg,624,460,garbage,436,372,534,412
2368445c-679e-11e5-8121-40f2e96c8ad8.jpg,624,460,garbage,533,119,554,133
2368445c-679e-11e5-8121-40f2e96c8ad8.jpg,624,460,garbage,109,145,126,159
2368445c-679e-11e5-8121-40f2e96c8ad8.jpg,624,460,garbage,35,133,65,146
2368445c-679e-11e5-8121-40f2e96c8ad8.jpg,624,460,garbage,15,96,33,111
2368445c-679e-11e5-8121-40f2e96c8ad8.jpg,624,460,garbage,163,94,178,107
2368445c-679e-11e5-8121-40f2e96c8ad8.jpg,624,460,garbage,596,78,609,88
2368445c-679e-11e5-8121-40f2e96c8ad8.jpg,624,460,garbage,598,113,609,116
24e2f102-6798-11e5-8c9e-40f2e96c8ad8.jpg,600,450,garbage,3,368,586,450
24e2f102-6798-11e5-8c9e-40f2e96c8ad8.jpg,600,450,garbage,4,66,600,112
24e2f102-6798-11e5-8c9e-40f2e96c8ad8.jpg,600,450,garbage,363,264,442,366
24e2f102-6798-11e5-8c9e-40f2e96c8ad8.jpg,600,450,garbage,503,267,592,369
25a66358-67a2-11e5-b0b2-40f2e96c8ad8.jpg,630,375,garbage,288,138,630,235
25a66358-67a2-11e5-b0b2-40f2e96c8ad8.jpg,630,375,garbage,5,127,103,195
25bc70f8-6798-11e5-8c9e-40f2e96c8ad8.jpg,636,422,garbage,2,21,636,422
25cbd6f4-679f-11e5-b0e3-40f2e96c8ad8.jpg,1300,951,garbage,321,412,1165,718
25d10ec2-679e-11e5-8121-40f2e96c8ad8.jpg,500,375,garbage,104,2,489,350
25fbaf4e-679c-11e5-a533-40f2e96c8ad8.jpg,400,302,garbage,6,14,400,276
264d9cb6-679f-11e5-b0e3-40f2e96c8ad8.jpg,1024,768,garbage,365,238,904,487
2655dada-6799-11e5-8dd0-40f2e96c8ad8.jpg,318,206,garbage,172,81,281,206
2658e0b4-6798-11e5-8c9e-40f2e96c8ad8.jpg,1920,1280,garbage,94,316,1839,1070
27b7b5b8-679b-11e5-af8c-40f2e96c8ad8.jpg,640,401,garbage,138,16,323,196
27de75ae-679b-11e5-af8c-40f2e96c8ad8.jpg,1000,750,garbage,28,306,1000,636
28a0beee-679f-11e5-b0e3-40f2e96c8ad8.jpg,450,600,garbage,28,189,414,600
297c00ea-6799-11e5-8dd0-40f2e96c8ad8.jpg,360,480,garbage,132,148,360,467
297e09e4-679e-11e5-8121-40f2e96c8ad8.jpg,320,240,garbage,131,37,320,192
2c434712-6798-11e5-8c9e-40f2e96c8ad8.jpg,600,400,garbage,239,181,540,400
2c434712-6798-11e5-8c9e-40f2e96c8ad8.jpg,600,400,garbage,6,294,246,400
2c703fc8-679e-11e5-8121-40f2e96c8ad8.jpg,500,375,garbage,282,147,362,221
2d77892c-6798-11e5-8c9e-40f2e96c8ad8.jpg,460,300,garbage,3,1,454,300
2da41354-679b-11e5-af8c-40f2e96c8ad8.jpg,355,268,garbage,5,90,353,268
2e7d7b6e-679e-11e5-8121-40f2e96c8ad8.jpg,1600,900,garbage,677,322,872,425
2e7d7b6e-679e-11e5-8121-40f2e96c8ad8.jpg,1600,900,garbage,360,351,469,442
2e7d7b6e-679e-11e5-8121-40f2e96c8ad8.jpg,1600,900,garbage,316,483,380,583
2e7d7b6e-679e-11e5-8121-40f2e96c8ad8.jpg,1600,900,garbage,172,578,245,672
2e7d7b6e-679e-11e5-8121-40f2e96c8ad8.jpg,1600,900,garbage,439,483,484,525
2e7d7b6e-679e-11e5-8121-40f2e96c8ad8.jpg,1600,900,garbage,801,435,850,493
2e7d7b6e-679e-11e5-8121-40f2e96c8ad8.jpg,1600,900,garbage,912,681,942,713
2e7d7b6e-679e-11e5-8121-40f2e96c8ad8.jpg,1600,900,garbage,733,462,766,489
2e7d7b6e-679e-11e5-8121-40f2e96c8ad8.jpg,1600,900,garbage,409,575,436,609
2ec889ce-679e-11e5-8121-40f2e96c8ad8.jpg,640,440,garbage,90,1,383,98
2ec889ce-679e-11e5-8121-40f2e96c8ad8.jpg,640,440,garbage,409,7,636,229
2ec889ce-679e-11e5-8121-40f2e96c8ad8.jpg,640,440,garbage,20,156,640,437
2f0d3dda-679e-11e5-8121-40f2e96c8ad8.jpg,500,333,garbage,67,247,128,290
2f0d3dda-679e-11e5-8121-40f2e96c8ad8.jpg,500,333,garbage,157,224,206,262
2f0d3dda-679e-11e5-8121-40f2e96c8ad8.jpg,500,333,garbage,213,215,250,241
2f0d3dda-679e-11e5-8121-40f2e96c8ad8.jpg,500,333,garbage,274,192,320,220
2f0d3dda-679e-11e5-8121-40f2e96c8ad8.jpg,500,333,garbage,326,190,338,199
2f0d3dda-679e-11e5-8121-40f2e96c8ad8.jpg,500,333,garbage,342,187,353,196
2f0d3dda-679e-11e5-8121-40f2e96c8ad8.jpg,500,333,garbage,354,184,366,193
2f7ea61e-679e-11e5-8121-40f2e96c8ad8.jpg,1440,1034,garbage,671,108,1311,968
2f9411d2-679b-11e5-af8c-40f2e96c8ad8.jpg,1600,1200,garbage,2,451,1600,1177
2ff27346-679e-11e5-8121-40f2e96c8ad8.jpg,960,720,garbage,567,157,591,185
2ff27346-679e-11e5-8121-40f2e96c8ad8.jpg,960,720,garbage,533,373,960,640
2ff27346-679e-11e5-8121-40f2e96c8ad8.jpg,960,720,garbage,527,238,613,288
2ff27346-679e-11e5-8121-40f2e96c8ad8.jpg,960,720,garbage,452,326,548,374
2ff27346-679e-11e5-8121-40f2e96c8ad8.jpg,960,720,garbage,420,303,452,331
2ff27346-679e-11e5-8121-40f2e96c8ad8.jpg,960,720,garbage,404,275,431,300
2ff27346-679e-11e5-8121-40f2e96c8ad8.jpg,960,720,garbage,337,187,365,206
2ff27346-679e-11e5-8121-40f2e96c8ad8.jpg,960,720,garbage,349,212,383,248
2ff27346-679e-11e5-8121-40f2e96c8ad8.jpg,960,720,garbage,357,257,417,276
2ff27346-679e-11e5-8121-40f2e96c8ad8.jpg,960,720,garbage,426,180,453,227
2ff27346-679e-11e5-8121-40f2e96c8ad8.jpg,960,720,garbage,393,176,426,206
2ff27346-679e-11e5-8121-40f2e96c8ad8.jpg,960,720,garbage,424,138,451,153
2ff27346-679e-11e5-8121-40f2e96c8ad8.jpg,960,720,garbage,493,107,520,131
2ff27346-679e-11e5-8121-40f2e96c8ad8.jpg,960,720,garbage,522,155,544,190
2ff27346-679e-11e5-8121-40f2e96c8ad8.jpg,960,720,garbage,488,155,518,173
2ff27346-679e-11e5-8121-40f2e96c8ad8.jpg,960,720,garbage,639,162,688,187
302a3e1e-67a0-11e5-89b3-40f2e96c8ad8.JPG,3008,2000,garbage,630,54,1977,393
30317fc0-679c-11e5-a533-40f2e96c8ad8.jpg,440,330,garbage,102,207,415,330
307660b6-679e-11e5-8121-40f2e96c8ad8.jpg,1440,1128,garbage,604,152,1354,985
30b22458-6798-11e5-8c9e-40f2e96c8ad8.jpg,796,533,garbage,2,2,783,533
30f0acb8-679e-11e5-8121-40f2e96c8ad8.jpg,2272,1704,garbage,346,737,1767,1355
31e26370-679c-11e5-a533-40f2e96c8ad8.jpg,500,332,garbage,7,3,499,321
32ad0828-67a1-11e5-a5ed-40f2e96c8ad8.jpg,639,478,garbage,194,89,338,154
34379ace-679b-11e5-af8c-40f2e96c8ad8.jpg,468,316,garbage,7,6,464,310
34eb7e62-679c-11e5-a533-40f2e96c8ad8.jpg,600,399,garbage,1,111,558,399
35ac3f2c-679b-11e5-af8c-40f2e96c8ad8.jpg,600,400,garbage,218,308,349,382
35ac3f2c-679b-11e5-af8c-40f2e96c8ad8.jpg,600,400,garbage,412,272,600,377
360049a8-6798-11e5-8c9e-40f2e96c8ad8.jpg,1024,768,garbage,16,373,976,768
366426ac-6799-11e5-8dd0-40f2e96c8ad8.jpg,250,250,garbage,3,91,249,215
368e196c-679e-11e5-990f-40f2e96c8ad8.JPG,1000,707,garbage,480,382,1000,688
371baa3a-6798-11e5-8c9e-40f2e96c8ad8.jpg,3072,2048,garbage,967,225,2001,813
37afc994-679e-11e5-990f-40f2e96c8ad8.jpg,636,357,garbage,6,132,264,341
384ca7e8-679c-11e5-a533-40f2e96c8ad8.jpg,330,440,garbage,15,101,252,440
392bee8a-679c-11e5-a533-40f2e96c8ad8.jpg,2233,1495,garbage,51,23,2192,1460
393e21b6-679e-11e5-990f-40f2e96c8ad8.jpg,2048,1536,garbage,58,470,1794,1035
39494454-679b-11e5-af8c-40f2e96c8ad8.jpg,868,587,garbage,49,3,860,563
398d6594-67a0-11e5-89b3-40f2e96c8ad8.jpg,460,276,garbage,20,92,454,276
3a0f2156-67a0-11e5-89b3-40f2e96c8ad8.jpg,3648,2736,garbage,103,1073,3648,2711
3adba2c8-6799-11e5-8dc4-40f2e96c8ad8.jpg,3648,2736,garbage,537,1822,1311,2202
3adba2c8-6799-11e5-8dc4-40f2e96c8ad8.jpg,3648,2736,garbage,1905,2227,2580,2727
3adba2c8-6799-11e5-8dc4-40f2e96c8ad8.jpg,3648,2736,garbage,2080,1642,2545,1956
3adba2c8-6799-11e5-8dc4-40f2e96c8ad8.jpg,3648,2736,garbage,1240,867,1505,999
3adba2c8-6799-11e5-8dc4-40f2e96c8ad8.jpg,3648,2736,garbage,1688,942,1943,1090
3adba2c8-6799-11e5-8dc4-40f2e96c8ad8.jpg,3648,2736,garbage,2465,1970,2574,2199
3ae378ca-679b-11e5-af8c-40f2e96c8ad8.jpg,630,390,garbage,2,69,630,379
3b2d7ad6-6798-11e5-8dd0-40f2e96c8ad8.JPG,1600,1200,garbage,161,57,1566,976
3b500736-6798-11e5-8dd0-40f2e96c8ad8.jpg,3469,2773,garbage,58,72,3469,2702
3bf77554-67a0-11e5-89b3-40f2e96c8ad8.jpg,1024,768,garbage,315,166,1021,768
3bf77554-67a0-11e5-89b3-40f2e96c8ad8.jpg,1024,768,garbage,6,334,310,768
3c0ef588-679d-11e5-90f4-40f2e96c8ad8.jpg,300,383,garbage,223,168,272,362
3c0ef588-679d-11e5-90f4-40f2e96c8ad8.jpg,300,383,garbage,62,147,90,167
3c0ef588-679d-11e5-90f4-40f2e96c8ad8.jpg,300,383,garbage,103,134,141,163
3c0ef588-679d-11e5-90f4-40f2e96c8ad8.jpg,300,383,garbage,173,178,195,194
3c0ef588-679d-11e5-90f4-40f2e96c8ad8.jpg,300,383,garbage,83,190,143,209
3c0ef588-679d-11e5-90f4-40f2e96c8ad8.jpg,300,383,garbage,2,256,26,273
3c0ef588-679d-11e5-90f4-40f2e96c8ad8.jpg,300,383,garbage,1,178,14,192
3c0ef588-679d-11e5-90f4-40f2e96c8ad8.jpg,300,383,garbage,144,279,194,299
3c0ef588-679d-11e5-90f4-40f2e96c8ad8.jpg,300,383,garbage,79,324,111,347
3c0ef588-679d-11e5-90f4-40f2e96c8ad8.jpg,300,383,garbage,92,234,128,254
3c0ef588-679d-11e5-90f4-40f2e96c8ad8.jpg,300,383,garbage,182,131,196,140
3ca1a088-679b-11e5-af8c-40f2e96c8ad8.jpg,797,533,garbage,2,33,797,319
3ca1a088-679b-11e5-af8c-40f2e96c8ad8.jpg,797,533,garbage,531,324,796,441
3ca1a088-679b-11e5-af8c-40f2e96c8ad8.jpg,797,533,garbage,6,323,359,533
3d5b4f60-679b-11e5-af8c-40f2e96c8ad8.jpg,460,288,garbage,141,32,460,287
3e6060ea-679f-11e5-893c-40f2e96c8ad8.jpg,426,282,garbage,2,3,425,282
3ee16ebc-679d-11e5-90f4-40f2e96c8ad8.jpg,500,375,garbage,323,182,388,218
3ee16ebc-679d-11e5-90f4-40f2e96c8ad8.jpg,500,375,garbage,126,228,256,349
3f3d3f46-679b-11e5-af8c-40f2e96c8ad8.JPG,2592,1944,garbage,21,18,2592,1934
3fc8a174-679d-11e5-90f4-40f2e96c8ad8.jpg,777,1048,garbage,19,302,738,1048
3fc8a174-679d-11e5-90f4-40f2e96c8ad8.jpg,777,1048,garbage,268,33,500,304
416d45f4-67a0-11e5-89b3-40f2e96c8ad8.jpg,370,276,garbage,5,103,231,225
41f8e5fa-67a0-11e5-89b3-40f2e96c8ad8.jpg,900,675,garbage,9,1,883,675
421dc3c0-67a0-11e5-89b3-40f2e96c8ad8.jpg,635,407,garbage,13,176,629,407
4298e712-679b-11e5-af8c-40f2e96c8ad8.jpg,1300,957,garbage,25,8,1286,804
42ac05a4-67a0-11e5-89b3-40f2e96c8ad8.jpg,275,207,garbage,2,1,265,206
42ece894-679b-11e5-af8c-40f2e96c8ad8.jpg,450,338,garbage,8,2,447,334
4333c5be-679d-11e5-90f4-40f2e96c8ad8.jpg,500,333,garbage,230,52,313,91
4333c5be-679d-11e5-90f4-40f2e96c8ad8.jpg,500,333,garbage,19,73,89,104
4333c5be-679d-11e5-90f4-40f2e96c8ad8.jpg,500,333,garbage,88,141,230,225
4333c5be-679d-11e5-90f4-40f2e96c8ad8.jpg,500,333,garbage,402,95,500,177
43c51080-679a-11e5-80ca-40f2e96c8ad8.jpg,600,400,garbage,9,146,600,381
43c51080-679a-11e5-80ca-40f2e96c8ad8.jpg,600,400,garbage,427,1,441,15
43c51080-679a-11e5-80ca-40f2e96c8ad8.jpg,600,400,garbage,173,62,317,149
445171ac-679e-11e5-990f-40f2e96c8ad8.jpg,628,430,garbage,389,253,626,430
445171ac-679e-11e5-990f-40f2e96c8ad8.jpg,628,430,garbage,400,93,628,220
44ab3b5e-679b-11e5-af8c-40f2e96c8ad8.jpg,2048,1226,garbage,7,7,693,1226
44ab3b5e-679b-11e5-af8c-40f2e96c8ad8.jpg,2048,1226,garbage,885,4,2048,1217
45899da8-679c-11e5-aa4a-40f2e96c8ad8.png,592,393,garbage,51,93,548,365
45bcc796-67a1-11e5-a5ed-40f2e96c8ad8.jpg,600,349,garbage,1,136,416,349
46673910-67a1-11e5-a5ed-40f2e96c8ad8.jpg,650,488,garbage,58,85,481,295
46e3e5ee-6799-11e5-8dc4-40f2e96c8ad8.jpg,600,401,garbage,308,312,547,401
46e3e5ee-6799-11e5-8dc4-40f2e96c8ad8.jpg,600,401,garbage,132,253,207,281
46e3e5ee-6799-11e5-8dc4-40f2e96c8ad8.jpg,600,401,garbage,177,226,239,258
47531a5a-679d-11e5-90f4-40f2e96c8ad8.jpg,1600,1080,garbage,86,207,1600,1031
47e1b9a8-6799-11e5-8dc4-40f2e96c8ad8.jpg,537,359,garbage,19,210,143,303
47e1b9a8-6799-11e5-8dc4-40f2e96c8ad8.jpg,537,359,garbage,212,210,269,248
47e1b9a8-6799-11e5-8dc4-40f2e96c8ad8.jpg,537,359,garbage,165,236,213,280
47e1b9a8-6799-11e5-8dc4-40f2e96c8ad8.jpg,537,359,garbage,325,233,512,333
4aea0dcc-679d-11e5-90f4-40f2e96c8ad8.jpg,500,375,garbage,146,169,222,241
4aea0dcc-679d-11e5-90f4-40f2e96c8ad8.jpg,500,375,garbage,182,309,251,345
4aea0dcc-679d-11e5-90f4-40f2e96c8ad8.jpg,500,375,garbage,66,211,116,238
4aea0dcc-679d-11e5-90f4-40f2e96c8ad8.jpg,500,375,garbage,256,216,337,260
4bf69ea0-679e-11e5-990f-40f2e96c8ad8.jpg,556,417,garbage,257,214,388,270
4bf69ea0-679e-11e5-990f-40f2e96c8ad8.jpg,556,417,garbage,220,304,256,341
4c147cde-679b-11e5-af8c-40f2e96c8ad8.JPG,1280,960,garbage,3,151,1274,960
4c3d9cb0-6799-11e5-8dc4-40f2e96c8ad8.jpg,636,450,garbage,4,28,358,147
4c3d9cb0-6799-11e5-8dc4-40f2e96c8ad8.jpg,636,450,garbage,1,155,308,450
4c3d9cb0-6799-11e5-8dc4-40f2e96c8ad8.jpg,636,450,garbage,312,193,454,450
4c3d9cb0-6799-11e5-8dc4-40f2e96c8ad8.jpg,636,450,garbage,462,393,636,448
4c3d9cb0-6799-11e5-8dc4-40f2e96c8ad8.jpg,636,450,garbage,529,248,632,390
4c3d9cb0-6799-11e5-8dc4-40f2e96c8ad8.jpg,636,450,garbage,592,199,634,245
4c4b329c-679b-11e5-af8c-40f2e96c8ad8.jpg,640,517,garbage,1,128,506,439
4c4b329c-679b-11e5-af8c-40f2e96c8ad8.jpg,640,517,garbage,237,26,374,121
4c4b329c-679b-11e5-af8c-40f2e96c8ad8.jpg,640,517,garbage,499,73,610,127
4c4b329c-679b-11e5-af8c-40f2e96c8ad8.jpg,640,517,garbage,546,133,610,185
4c4b329c-679b-11e5-af8c-40f2e96c8ad8.jpg,640,517,garbage,482,243,597,314
4c4b329c-679b-11e5-af8c-40f2e96c8ad8.jpg,640,517,garbage,613,347,640,408
4c4b329c-679b-11e5-af8c-40f2e96c8ad8.jpg,640,517,garbage,526,298,581,364
4c4b329c-679b-11e5-af8c-40f2e96c8ad8.jpg,640,517,garbage,456,352,557,409
4c4b329c-679b-11e5-af8c-40f2e96c8ad8.jpg,640,517,garbage,376,15,461,55
4c4b329c-679b-11e5-af8c-40f2e96c8ad8.jpg,640,517,garbage,531,19,610,51
4c942aee-6799-11e5-8dc4-40f2e96c8ad8.jpg,3000,2250,garbage,278,750,1201,1941
4c942aee-6799-11e5-8dc4-40f2e96c8ad8.jpg,3000,2250,garbage,126,185,771,378
4c942aee-6799-11e5-8dc4-40f2e96c8ad8.jpg,3000,2250,garbage,1610,329,2461,829
4c942aee-6799-11e5-8dc4-40f2e96c8ad8.jpg,3000,2250,garbage,17,1178,387,1899
4cc9d74e-679d-11e5-90f4-40f2e96c8ad8.jpg,683,1024,garbage,256,137,676,1024
4cc9d74e-679d-11e5-90f4-40f2e96c8ad8.jpg,683,1024,garbage,566,39,683,113
4cc9d74e-679d-11e5-90f4-40f2e96c8ad8.jpg,683,1024,garbage,19,515,390,691
4cc9d74e-679d-11e5-90f4-40f2e96c8ad8.jpg,683,1024,garbage,3,696,151,972
4f48b352-679b-11e5-af8c-40f2e96c8ad8.jpg,1024,768,garbage,9,76,1024,754
5167fe44-67a1-11e5-a5ed-40f2e96c8ad8.jpg,640,480,garbage,323,292,429,379
5167fe44-67a1-11e5-a5ed-40f2e96c8ad8.jpg,640,480,garbage,556,295,606,468
51c09ea6-67a0-11e5-89b3-40f2e96c8ad8.jpg,420,280,garbage,7,127,420,276
51c849d2-679e-11e5-990f-40f2e96c8ad8.JPG,390,336,garbage,246,226,310,296
52a1889e-67a0-11e5-89b3-40f2e96c8ad8.jpg,700,467,garbage,11,1,665,467
538191f2-679e-11e5-990f-40f2e96c8ad8.jpg,636,404,garbage,303,179,636,400
53cb621e-679e-11e5-990f-40f2e96c8ad8.jpg,636,357,garbage,169,111,481,350
5452da10-679d-11e5-90f4-40f2e96c8ad8.jpg,1600,1055,garbage,480,486,912,760
55545fa2-679c-11e5-aa4a-40f2e96c8ad8.jpg,1050,699,garbage,97,175,1050,680
55bf6c38-679d-11e5-90f4-40f2e96c8ad8.jpg,500,333,garbage,7,196,414,297
5666c516-679b-11e5-af8c-40f2e96c8ad8.jpg,1328,948,garbage,267,23,1206,908
5708cfe4-679d-11e5-90f4-40f2e96c8ad8.jpg,700,524,garbage,42,237,700,469
5802c9ce-67a0-11e5-89b3-40f2e96c8ad8.jpg,345,273,garbage,8,3,342,262
587baaf6-679b-11e5-af8c-40f2e96c8ad8.jpg,800,533,garbage,14,9,800,530
5999dfd4-679b-11e5-af8c-40f2e96c8ad8.jpg,620,400,garbage,17,76,620,377
59db14f2-679d-11e5-90f4-40f2e96c8ad8.jpg,460,276,garbage,93,19,415,155
59db14f2-679d-11e5-90f4-40f2e96c8ad8.jpg,460,276,garbage,28,156,460,257
5a0b5618-679c-11e5-aa4a-40f2e96c8ad8.jpg,2592,1944,garbage,535,338,1453,776
5a0b5618-679c-11e5-aa4a-40f2e96c8ad8.jpg,2592,1944,garbage,1549,438,2592,890
5a0b5618-679c-11e5-aa4a-40f2e96c8ad8.jpg,2592,1944,garbage,1839,2,2592,241
5a0b5618-679c-11e5-aa4a-40f2e96c8ad8.jpg,2592,1944,garbage,801,916,2079,1944
5a0b5618-679c-11e5-aa4a-40f2e96c8ad8.jpg,2592,1944,garbage,43,874,811,1930
5a0c58e8-679b-11e5-af8c-40f2e96c8ad8.jpg,399,400,garbage,1,173,399,395
5ae4e6fc-679d-11e5-90f4-40f2e96c8ad8.jpg,636,414,garbage,19,83,374,414
5ae4e6fc-679d-11e5-90f4-40f2e96c8ad8.jpg,636,414,garbage,594,247,636,320
5c911cf2-679b-11e5-af8c-40f2e96c8ad8.jpg,2048,1536,garbage,861,670,1461,864
5d9db828-679e-11e5-990f-40f2e96c8ad8.jpg,316,421,garbage,7,259,175,347
5d9db828-679e-11e5-990f-40f2e96c8ad8.jpg,316,421,garbage,195,227,316,316
5da02816-679d-11e5-90f4-40f2e96c8ad8.jpg,600,413,garbage,7,253,600,408
5da02816-679d-11e5-90f4-40f2e96c8ad8.jpg,600,413,garbage,165,153,327,216
5da02816-679d-11e5-90f4-40f2e96c8ad8.jpg,600,413,garbage,183,206,351,268
5da02816-679d-11e5-90f4-40f2e96c8ad8.jpg,600,413,garbage,299,123,339,142
5da02816-679d-11e5-90f4-40f2e96c8ad8.jpg,600,413,garbage,218,130,241,148
5da02816-679d-11e5-90f4-40f2e96c8ad8.jpg,600,413,garbage,238,141,316,171
5ed237e4-67a0-11e5-89b3-40f2e96c8ad8.jpg,375,375,garbage,9,42,375,367
5fb11a6e-679a-11e5-80ca-40f2e96c8ad8.jpg,630,420,garbage,21,131,448,192
5fb11a6e-679a-11e5-80ca-40f2e96c8ad8.jpg,630,420,garbage,170,183,483,420
5fb11a6e-679a-11e5-80ca-40f2e96c8ad8.jpg,630,420,garbage,459,186,611,280
5fb11a6e-679a-11e5-80ca-40f2e96c8ad8.jpg,630,420,garbage,468,292,630,416
5fb11a6e-679a-11e5-80ca-40f2e96c8ad8.jpg,630,420,garbage,7,243,208,387
5fcf59da-679e-11e5-990f-40f2e96c8ad8.jpg,537,346,garbage,161,181,468,346
60108448-679c-11e5-aa4a-40f2e96c8ad8.jpg,1280,960,garbage,10,35,1280,892
60763e3c-679c-11e5-aa4a-40f2e96c8ad8.jpg,900,675,garbage,54,206,857,651
611fb088-679d-11e5-90f4-40f2e96c8ad8.jpg,468,680,garbage,243,251,429,391
611fb088-679d-11e5-90f4-40f2e96c8ad8.jpg,468,680,garbage,295,436,468,672
6157865e-67a0-11e5-a3d2-40f2e96c8ad8.jpg,600,350,garbage,277,200,457,350
6175e0b8-67a0-11e5-a3d2-40f2e96c8ad8.jpg,512,768,garbage,25,456,304,768
61cdc690-679e-11e5-990f-40f2e96c8ad8.jpg,460,283,garbage,8,92,83,132
61cdc690-679e-11e5-990f-40f2e96c8ad8.jpg,460,283,garbage,2,156,456,281
61cdc690-679e-11e5-990f-40f2e96c8ad8.jpg,460,283,garbage,239,77,443,139
61e402cc-679c-11e5-aa4a-40f2e96c8ad8.jpg,500,375,garbage,2,121,500,355
61e402cc-679c-11e5-aa4a-40f2e96c8ad8.jpg,500,375,garbage,118,44,271,92
631f9f9e-679b-11e5-af8c-40f2e96c8ad8.jpg,2806,2029,garbage,110,534,2806,1902
6512855c-679e-11e5-990f-40f2e96c8ad8.jpg,600,300,garbage,383,130,596,269
65516d32-679c-11e5-aa4a-40f2e96c8ad8.jpg,468,550,garbage,102,50,399,537
660181a0-67a0-11e5-a3d2-40f2e96c8ad8.jpg,550,367,garbage,146,87,360,197
66e9da86-67a0-11e5-a3d2-40f2e96c8ad8.jpg,608,430,garbage,51,168,443,425
67874d34-67a0-11e5-a3d2-40f2e96c8ad8.jpg,590,393,garbage,230,168,364,269
69b3858e-679e-11e5-990f-40f2e96c8ad8.jpg,423,319,garbage,124,229,188,299
69b3858e-679e-11e5-990f-40f2e96c8ad8.jpg,423,319,garbage,62,234,94,273
6a336f44-679c-11e5-aa4a-40f2e96c8ad8.jpg,1440,1029,garbage,616,430,1036,743
6a97ec44-679c-11e5-aa4a-40f2e96c8ad8.jpg,2288,1712,garbage,1016,1209,2151,1684
6a97ec44-679c-11e5-aa4a-40f2e96c8ad8.jpg,2288,1712,garbage,505,741,1778,1174
6a97ec44-679c-11e5-aa4a-40f2e96c8ad8.jpg,2288,1712,garbage,1076,11,1405,373
6a97ec44-679c-11e5-aa4a-40f2e96c8ad8.jpg,2288,1712,garbage,439,343,841,582
6a97ec44-679c-11e5-aa4a-40f2e96c8ad8.jpg,2288,1712,garbage,249,1177,794,1556
6b8a04ac-67a1-11e5-a5ed-40f2e96c8ad8.jpg,300,225,garbage,5,21,298,225
6c416976-67a1-11e5-b4c6-40f2e96c8ad8.jpg,259,194,garbage,24,57,240,194
6ca17a60-67a0-11e5-a3d2-40f2e96c8ad8.jpg,333,500,garbage,79,355,257,468
6caebe84-679e-11e5-990f-40f2e96c8ad8.jpg,320,240,garbage,75,108,320,239
6d37704a-679d-11e5-90f4-40f2e96c8ad8.jpg,357,185,garbage,238,57,347,140
6d37704a-679d-11e5-90f4-40f2e96c8ad8.jpg,357,185,garbage,37,112,126,163
6d37704a-679d-11e5-90f4-40f2e96c8ad8.jpg,357,185,garbage,176,115,237,148
6d673018-679e-11e5-990f-40f2e96c8ad8.jpg,600,300,garbage,318,202,405,282
6d673018-679e-11e5-990f-40f2e96c8ad8.jpg,600,300,garbage,181,136,293,179
6d673018-679e-11e5-990f-40f2e96c8ad8.jpg,600,300,garbage,61,196,141,241
6d673018-679e-11e5-990f-40f2e96c8ad8.jpg,600,300,garbage,181,265,265,300
6dd49798-679e-11e5-990f-40f2e96c8ad8.jpg,635,467,garbage,68,212,494,440
6e05ad00-679a-11e5-80ca-40f2e96c8ad8.jpg,800,550,garbage,13,251,792,550
6e96f15e-679d-11e5-90f4-40f2e96c8ad8.jpeg,624,351,garbage,207,156,355,242
6e96f15e-679d-11e5-90f4-40f2e96c8ad8.jpeg,624,351,garbage,322,199,507,289
6e96f15e-679d-11e5-90f4-40f2e96c8ad8.jpeg,624,351,garbage,403,159,515,203
6ec38756-67a1-11e5-b4c6-40f2e96c8ad8.jpg,512,517,garbage,19,357,295,517
6fe99f36-679b-11e5-af8c-40f2e96c8ad8.jpg,460,276,garbage,162,1,460,120
6fe99f36-679b-11e5-af8c-40f2e96c8ad8.jpg,460,276,garbage,305,98,460,200
70f8971a-67a0-11e5-a3d2-40f2e96c8ad8.jpg,240,180,garbage,85,58,151,173
70f8971a-67a0-11e5-a3d2-40f2e96c8ad8.jpg,240,180,garbage,158,77,210,139
70f8971a-67a0-11e5-a3d2-40f2e96c8ad8.jpg,240,180,garbage,18,68,98,106
712e0d14-67a0-11e5-a3d2-40f2e96c8ad8.jpg,550,367,garbage,242,187,347,271
712e0d14-67a0-11e5-a3d2-40f2e96c8ad8.jpg,550,367,garbage,472,236,550,320
71557cfa-67a0-11e5-a3d2-40f2e96c8ad8.jpg,275,183,garbage,139,102,272,183
71773618-679d-11e5-90f4-40f2e96c8ad8.jpg,500,333,garbage,34,14,480,240
731fe2d4-679e-11e5-b0d3-40f2e96c8ad8.jpg,3003,1893,garbage,84,528,2745,1485
7530958c-679e-11e5-b0d3-40f2e96c8ad8.jpg,500,375,garbage,242,206,500,317
764aa67c-679b-11e5-af8c-40f2e96c8ad8.jpg,2272,1704,garbage,529,29,2272,1704
76c5d102-679c-11e5-aa4a-40f2e96c8ad8.jpg,1200,1600,garbage,33,643,1037,1600
76c5d102-679c-11e5-aa4a-40f2e96c8ad8.jpg,1200,1600,garbage,208,403,1200,642
7757db94-679a-11e5-80ca-40f2e96c8ad8.jpg,630,376,garbage,26,118,590,376
77d47952-679e-11e5-b0d3-40f2e96c8ad8.jpg,500,375,garbage,142,148,318,256
78baa778-679a-11e5-80ca-40f2e96c8ad8.jpg,512,384,garbage,7,5,510,375
792f9e6c-679e-11e5-b0d3-40f2e96c8ad8.jpg,440,353,garbage,77,64,439,349
7935b10a-67a1-11e5-b4c6-40f2e96c8ad8.jpg,636,422,garbage,9,72,281,100
7935b10a-67a1-11e5-b4c6-40f2e96c8ad8.jpg,636,422,garbage,301,53,636,408
7935b10a-67a1-11e5-b4c6-40f2e96c8ad8.jpg,636,422,garbage,21,195,322,422
79a0124e-679b-11e5-af8c-40f2e96c8ad8.jpg,448,300,garbage,5,67,444,292
7aa9dbda-679a-11e5-80ca-40f2e96c8ad8.jpg,318,223,garbage,25,77,315,223
7bbf1296-67a0-11e5-a3d2-40f2e96c8ad8.JPG,1600,1060,garbage,453,549,887,683
7bbf1296-67a0-11e5-a3d2-40f2e96c8ad8.JPG,1600,1060,garbage,596,356,787,540
7c36afa2-679d-11e5-90f4-40f2e96c8ad8.jpg,752,502,garbage,297,123,358,173
7c36afa2-679d-11e5-90f4-40f2e96c8ad8.jpg,752,502,garbage,297,296,367,368
7c36afa2-679d-11e5-90f4-40f2e96c8ad8.jpg,752,502,garbage,358,357,416,418
7c36afa2-679d-11e5-90f4-40f2e96c8ad8.jpg,752,502,garbage,269,187,387,296
7c45ecda-67a0-11e5-a3d2-40f2e96c8ad8.jpg,500,334,garbage,120,171,210,249
7c45ecda-67a0-11e5-a3d2-40f2e96c8ad8.jpg,500,334,garbage,89,279,463,334
7e26b660-679b-11e5-af8c-40f2e96c8ad8.jpg,800,531,garbage,2,221,800,525
7e658be4-679e-11e5-b0d3-40f2e96c8ad8.jpg,1300,959,garbage,170,240,1300,874
7ed5e8aa-67a1-11e5-b4c6-40f2e96c8ad8.jpg,2500,1556,garbage,533,241,2500,820
7ed5e8aa-67a1-11e5-b4c6-40f2e96c8ad8.jpg,2500,1556,garbage,1196,848,2500,1543
7ed5e8aa-67a1-11e5-b4c6-40f2e96c8ad8.jpg,2500,1556,garbage,1507,7,2500,226
7ed5e8aa-67a1-11e5-b4c6-40f2e96c8ad8.jpg,2500,1556,garbage,1042,17,1388,240
7ed5e8aa-67a1-11e5-b4c6-40f2e96c8ad8.jpg,2500,1556,garbage,6,312,363,1149
7f87b73e-679b-11e5-af8c-40f2e96c8ad8.jpg,350,233,garbage,5,118,347,233
80a8d4b2-679c-11e5-aa4a-40f2e96c8ad8.jpg,590,395,garbage,37,30,589,374
80aca528-679d-11e5-90f4-40f2e96c8ad8.jpg,500,375,garbage,68,135,363,375
80bfceae-679e-11e5-b0d3-40f2e96c8ad8.png,1600,1046,garbage,1041,355,1600,1031
80bfceae-679e-11e5-b0d3-40f2e96c8ad8.png,1600,1046,garbage,126,607,293,726
80bfceae-679e-11e5-b0d3-40f2e96c8ad8.png,1600,1046,garbage,336,687,558,947
8151d87e-67a0-11e5-a3d2-40f2e96c8ad8.jpg,1600,997,garbage,15,414,918,947
81ff468c-679e-11e5-b0d3-40f2e96c8ad8.jpg,636,426,garbage,94,135,633,426
8237471c-679e-11e5-b0d3-40f2e96c8ad8.jpg,636,423,garbage,25,79,636,423
826e000e-679e-11e5-b0d3-40f2e96c8ad8.jpg,628,417,garbage,5,2,609,403
82b604f0-679c-11e5-aa4a-40f2e96c8ad8.jpg,533,400,garbage,271,138,533,246
82b604f0-679c-11e5-aa4a-40f2e96c8ad8.jpg,533,400,garbage,40,211,399,327
84324a46-679c-11e5-aa4a-40f2e96c8ad8.jpg,1280,960,garbage,45,413,1205,960
8470c168-67a1-11e5-b4c6-40f2e96c8ad8.jpg,400,280,garbage,2,47,397,280
8519e52c-67a1-11e5-b4c6-40f2e96c8ad8.jpg,500,375,garbage,89,223,152,260
858f29f2-679e-11e5-b0d3-40f2e96c8ad8.jpg,636,393,garbage,11,97,441,388
85b2d064-679e-11e5-b0d3-40f2e96c8ad8.jpg,500,341,garbage,50,118,413,207
879071a4-679c-11e5-aa4a-40f2e96c8ad8.JPG,3264,2448,garbage,1120,375,2874,2448
87cfa26c-67a0-11e5-a3d2-40f2e96c8ad8.jpg,759,422,garbage,91,215,691,353
87e4f2c0-679b-11e5-a533-40f2e96c8ad8.jpg,1600,1200,garbage,41,494,881,1200
87e4f2c0-679b-11e5-a533-40f2e96c8ad8.jpg,1600,1200,garbage,1287,621,1594,717
87e4f2c0-679b-11e5-a533-40f2e96c8ad8.jpg,1600,1200,garbage,926,810,1577,1200
88172114-679b-11e5-a533-40f2e96c8ad8.jpg,1632,1224,garbage,41,28,1631,1140
8898e540-67a1-11e5-b4c6-40f2e96c8ad8.jpg,690,460,garbage,183,361,678,460
893812ea-679d-11e5-90f4-40f2e96c8ad8.jpg,500,386,garbage,289,232,357,275
893812ea-679d-11e5-90f4-40f2e96c8ad8.jpg,500,386,garbage,206,209,227,219
893812ea-679d-11e5-90f4-40f2e96c8ad8.jpg,500,386,garbage,150,234,183,248
893812ea-679d-11e5-90f4-40f2e96c8ad8.jpg,500,386,garbage,150,353,218,374
893812ea-679d-11e5-90f4-40f2e96c8ad8.jpg,500,386,garbage,178,320,191,330
893812ea-679d-11e5-90f4-40f2e96c8ad8.jpg,500,386,garbage,447,302,461,316
893812ea-679d-11e5-90f4-40f2e96c8ad8.jpg,500,386,garbage,163,205,180,217
89b70964-679e-11e5-b0d3-40f2e96c8ad8.jpg,1197,850,garbage,352,320,547,503
89f12962-67a0-11e5-a3d2-40f2e96c8ad8.JPG,1600,1200,garbage,572,770,1600,953
8a3af38a-67a0-11e5-a3d2-40f2e96c8ad8.JPG,1600,1200,garbage,55,1015,1376,1200
8b1514c0-679b-11e5-a533-40f2e96c8ad8.jpg,1200,804,garbage,22,9,1200,797
8b245de2-679e-11e5-b0d3-40f2e96c8ad8.jpg,636,411,garbage,298,160,587,316
8b245de2-679e-11e5-b0d3-40f2e96c8ad8.jpg,636,411,garbage,41,211,573,411
8b8313ea-679a-11e5-9696-40f2e96c8ad8.jpg,635,538,garbage,57,64,635,519
8b9e7258-679e-11e5-b0d3-40f2e96c8ad8.jpg,500,333,garbage,1,40,478,333
8bce1fca-679a-11e5-9696-40f2e96c8ad8.jpg,400,300,garbage,17,3,400,299
8c1b5552-6799-11e5-8dc4-40f2e96c8ad8.jpg,638,423,garbage,157,219,238,282
8c1b5552-6799-11e5-8dc4-40f2e96c8ad8.jpg,638,423,garbage,288,240,366,288
8c1b5552-6799-11e5-8dc4-40f2e96c8ad8.jpg,638,423,garbage,335,262,468,312
8c1b5552-6799-11e5-8dc4-40f2e96c8ad8.jpg,638,423,garbage,373,316,487,404
8c1b5552-6799-11e5-8dc4-40f2e96c8ad8.jpg,638,423,garbage,112,284,162,350
8d108cde-679e-11e5-b0d3-40f2e96c8ad8.jpg,610,406,garbage,24,116,322,322
8d1faf66-6799-11e5-8dc4-40f2e96c8ad8.jpg,598,425,garbage,226,144,424,390
8d1faf66-6799-11e5-8dc4-40f2e96c8ad8.jpg,598,425,garbage,71,129,200,220
8d1faf66-6799-11e5-8dc4-40f2e96c8ad8.jpg,598,425,garbage,440,49,548,130
8e783a00-679d-11e5-90f4-40f2e96c8ad8.jpg,615,409,garbage,127,246,262,341
8e783a00-679d-11e5-90f4-40f2e96c8ad8.jpg,615,409,garbage,267,307,383,336
8e783a00-679d-11e5-90f4-40f2e96c8ad8.jpg,615,409,garbage,346,318,479,381
8e783a00-679d-11e5-90f4-40f2e96c8ad8.jpg,615,409,garbage,473,220,574,257
8e783a00-679d-11e5-90f4-40f2e96c8ad8.jpg,615,409,garbage,487,170,594,217
8e783a00-679d-11e5-90f4-40f2e96c8ad8.jpg,615,409,garbage,91,109,206,139
8e783a00-679d-11e5-90f4-40f2e96c8ad8.jpg,615,409,garbage,19,136,50,162
8e783a00-679d-11e5-90f4-40f2e96c8ad8.jpg,615,409,garbage,30,100,57,122
8e783a00-679d-11e5-90f4-40f2e96c8ad8.jpg,615,409,garbage,1,245,64,329
8e897574-679b-11e5-a533-40f2e96c8ad8.jpg,1944,2592,garbage,867,728,1770,1390
8e897574-679b-11e5-a533-40f2e96c8ad8.jpg,1944,2592,garbage,376,1403,1753,2592
8f6fb3e6-679a-11e5-9696-40f2e96c8ad8.jpg,2048,1536,garbage,59,40,1955,1497
8fb2305c-67a1-11e5-b4c6-40f2e96c8ad8.JPG,567,425,garbage,121,327,204,381
8fb2305c-67a1-11e5-b4c6-40f2e96c8ad8.JPG,567,425,garbage,329,321,442,372
8fb2305c-67a1-11e5-b4c6-40f2e96c8ad8.JPG,567,425,garbage,212,340,331,384
8fb2305c-67a1-11e5-b4c6-40f2e96c8ad8.JPG,567,425,garbage,19,347,120,378
906a4bfc-67a0-11e5-a3d2-40f2e96c8ad8.JPG,500,375,garbage,7,50,499,374
911108a4-6799-11e5-ba3c-40f2e96c8ad8.jpg,500,345,garbage,3,73,500,249
9117d378-679e-11e5-b0d3-40f2e96c8ad8.jpg,3264,2448,garbage,158,893,3251,2444
91406178-679c-11e5-aa4a-40f2e96c8ad8.jpg,578,390,garbage,396,183,546,348
91406178-679c-11e5-aa4a-40f2e96c8ad8.jpg,578,390,garbage,85,300,319,390
91602af0-679a-11e5-9696-40f2e96c8ad8.jpg,854,586,garbage,16,126,834,561
9282d0c8-6799-11e5-ba3c-40f2e96c8ad8.jpg,650,400,garbage,42,113,650,389
92cc9866-6799-11e5-ba3c-40f2e96c8ad8.jpg,636,411,garbage,26,79,559,411
93117578-679c-11e5-aa4a-40f2e96c8ad8.jpg,500,375,garbage,139,11,500,348
93a3926c-6799-11e5-ba3c-40f2e96c8ad8.jpg,634,423,garbage,18,214,630,423
94886d18-679b-11e5-a533-40f2e96c8ad8.jpg,950,534,garbage,19,145,950,533
94e6358e-679a-11e5-9696-40f2e96c8ad8.jpg,1440,962,garbage,597,295,1440,917
94e6358e-679a-11e5-9696-40f2e96c8ad8.jpg,1440,962,garbage,1104,36,1440,154
94e6358e-679a-11e5-9696-40f2e96c8ad8.jpg,1440,962,garbage,423,116,687,230
94e6358e-679a-11e5-9696-40f2e96c8ad8.jpg,1440,962,garbage,10,427,570,799
95406aa8-679b-11e5-a533-40f2e96c8ad8.jpg,2848,4288,garbage,53,980,2848,4162
9577d942-679c-11e5-aa4a-40f2e96c8ad8.jpg,400,300,garbage,9,129,232,265
9598b174-679e-11e5-b0d3-40f2e96c8ad8.jpg,500,375,garbage,86,194,449,319
95a65b44-6799-11e5-ba3c-40f2e96c8ad8.jpg,800,532,garbage,20,341,194,462
95a65b44-6799-11e5-ba3c-40f2e96c8ad8.jpg,800,532,garbage,451,198,644,249
95a65b44-6799-11e5-ba3c-40f2e96c8ad8.jpg,800,532,garbage,240,314,392,368
96137d1e-6799-11e5-ba3c-40f2e96c8ad8.jpg,650,400,garbage,16,115,650,395
96463dda-6799-11e5-ba3c-40f2e96c8ad8.jpg,636,425,garbage,15,271,601,425
96463dda-6799-11e5-ba3c-40f2e96c8ad8.jpg,636,425,garbage,9,200,219,269
967550c0-6799-11e5-ba3c-40f2e96c8ad8.jpg,650,400,garbage,19,114,650,321
96a096ea-6799-11e5-ba3c-40f2e96c8ad8.jpg,4256,2832,garbage,1715,862,2656,1212
96a096ea-6799-11e5-ba3c-40f2e96c8ad8.jpg,4256,2832,garbage,1529,1204,2294,2186
96a096ea-6799-11e5-ba3c-40f2e96c8ad8.jpg,4256,2832,garbage,3000,1101,4256,2727
9887ade2-679c-11e5-aa4a-40f2e96c8ad8.jpg,590,393,garbage,24,111,587,352
99ba1928-6799-11e5-ba3c-40f2e96c8ad8.jpg,759,422,garbage,36,165,516,422
9a2ad2b2-679e-11e5-b0d3-40f2e96c8ad8.jpg,636,424,garbage,327,61,632,424
9aa897d6-67a0-11e5-a3d2-40f2e96c8ad8.jpg,468,368,garbage,49,238,222,368
9aa897d6-67a0-11e5-a3d2-40f2e96c8ad8.jpg,468,368,garbage,240,294,441,368
9aa897d6-67a0-11e5-a3d2-40f2e96c8ad8.jpg,468,368,garbage,394,228,468,287
9aca41b2-6799-11e5-ba3c-40f2e96c8ad8.jpg,650,400,garbage,3,145,611,400
9b312eee-679a-11e5-9696-40f2e96c8ad8.jpg,1300,1065,garbage,133,16,1218,973
9b779100-6799-11e5-ba3c-40f2e96c8ad8.jpg,630,630,garbage,3,308,630,594
9bbf2fa8-67a1-11e5-b4c6-40f2e96c8ad8.jpg,450,300,garbage,283,84,450,148
9bbf2fa8-67a1-11e5-b4c6-40f2e96c8ad8.jpg,450,300,garbage,71,113,190,155
9c0bb2ea-6799-11e5-ba3c-40f2e96c8ad8.jpg,640,480,garbage,5,195,638,480
9c6ae800-679e-11e5-b0d3-40f2e96c8ad8.jpg,500,375,garbage,109,165,487,256
9c8711ba-6799-11e5-ba3c-40f2e96c8ad8.jpg,634,401,garbage,1,152,632,401
9c8711ba-6799-11e5-ba3c-40f2e96c8ad8.jpg,634,401,garbage,205,100,354,155
9caf5a46-67a1-11e5-b4c6-40f2e96c8ad8.jpg,620,397,garbage,1,166,620,382
9cc9396e-6799-11e5-ba3c-40f2e96c8ad8.jpg,600,350,garbage,210,250,592,350
9cc9396e-6799-11e5-ba3c-40f2e96c8ad8.jpg,600,350,garbage,1,184,118,350
9cc9396e-6799-11e5-ba3c-40f2e96c8ad8.jpg,600,350,garbage,304,226,386,247
9cc9396e-6799-11e5-ba3c-40f2e96c8ad8.jpg,600,350,garbage,531,176,600,250
9d336ad0-67a0-11e5-a3d2-40f2e96c8ad8.jpg,640,480,garbage,40,300,405,480
9d336ad0-67a0-11e5-a3d2-40f2e96c8ad8.jpg,640,480,garbage,273,202,451,319
9d336ad0-67a0-11e5-a3d2-40f2e96c8ad8.jpg,640,480,garbage,52,191,192,275
9d4793b2-679a-11e5-9696-40f2e96c8ad8.jpg,300,191,garbage,3,34,62,114
9d4793b2-679a-11e5-9696-40f2e96c8ad8.jpg,300,191,garbage,6,116,85,185
9d4793b2-679a-11e5-9696-40f2e96c8ad8.jpg,300,191,garbage,85,61,300,170
9d53e8b2-679d-11e5-90f4-40f2e96c8ad8.JPG,3648,2736,garbage,394,685,3648,1974
9e21687e-67a1-11e5-b4c6-40f2e96c8ad8.jpg,635,422,garbage,3,123,634,408
9f366cd8-67a0-11e5-a3d2-40f2e96c8ad8.JPG,1600,1200,garbage,18,251,1600,1177
a004765a-67a0-11e5-a3d2-40f2e96c8ad8.jpg,400,224,garbage,245,93,400,218
a004765a-67a0-11e5-a3d2-40f2e96c8ad8.jpg,400,224,garbage,25,9,180,86
a1cc13b4-679e-11e5-b0d3-40f2e96c8ad8.jpg,636,410,garbage,161,190,630,386
a1f2f636-679a-11e5-9696-40f2e96c8ad8.jpg,288,331,garbage,18,18,288,282
a20ad3c4-6799-11e5-ba3c-40f2e96c8ad8.jpg,380,285,garbage,1,34,331,285
a210c932-679e-11e5-b0d3-40f2e96c8ad8.jpg,360,296,garbage,179,76,252,106
a210c932-679e-11e5-b0d3-40f2e96c8ad8.jpg,360,296,garbage,180,134,244,164
a210c932-679e-11e5-b0d3-40f2e96c8ad8.jpg,360,296,garbage,108,150,155,176
a210c932-679e-11e5-b0d3-40f2e96c8ad8.jpg,360,296,garbage,162,233,249,270
a210c932-679e-11e5-b0d3-40f2e96c8ad8.jpg,360,296,garbage,59,175,117,205
a2a5fa22-679c-11e5-aa4a-40f2e96c8ad8.jpg,468,286,garbage,28,96,440,273
a39b185e-679c-11e5-aa4a-40f2e96c8ad8.jpg,375,500,garbage,212,2,375,500
a39b185e-679c-11e5-aa4a-40f2e96c8ad8.jpg,375,500,garbage,22,207,213,494
a477c630-6799-11e5-ba3c-40f2e96c8ad8.jpg,450,250,garbage,70,77,435,239
a48bf154-679a-11e5-9696-40f2e96c8ad8.jpg,375,500,garbage,129,260,307,470
a4995a0c-679e-11e5-b0d3-40f2e96c8ad8.jpg,636,383,garbage,7,163,343,267
a4a550bc-67a0-11e5-a3d2-40f2e96c8ad8.jpg,640,428,garbage,205,290,621,428
a4c86fb8-679e-11e5-b0d3-40f2e96c8ad8.jpg,640,480,garbage,58,183,640,436
a4e60b40-6799-11e5-ba3c-40f2e96c8ad8.jpg,759,422,garbage,315,135,759,405
a5c88702-67a0-11e5-a3d2-40f2e96c8ad8.jpg,590,443,garbage,17,282,590,382
a5daafd0-679c-11e5-aa4a-40f2e96c8ad8.png,327,325,garbage,70,125,270,305
a6723058-67a1-11e5-b4c6-40f2e96c8ad8.jpg,460,286,garbage,7,145,460,285
a703d238-67a1-11e5-b4c6-40f2e96c8ad8.jpg,640,416,garbage,85,244,522,283
a71abc38-679b-11e5-a533-40f2e96c8ad8.jpg,700,525,garbage,25,10,628,505
a86ea5bc-679c-11e5-aa4a-40f2e96c8ad8.jpg,220,220,garbage,25,39,202,185
a87af798-6799-11e5-ba3c-40f2e96c8ad8.jpg,759,422,garbage,12,182,756,414
a92f6a34-6799-11e5-ba3c-40f2e96c8ad8.jpg,759,422,garbage,33,208,748,373
a95b9814-679b-11e5-a533-40f2e96c8ad8.JPG,1600,1200,garbage,9,281,1600,1158
a9e6b336-679b-11e5-a533-40f2e96c8ad8.jpg,450,312,garbage,11,1,447,303
aa08e41c-6799-11e5-ba3c-40f2e96c8ad8.jpg,500,375,garbage,17,53,392,177
aa08e41c-6799-11e5-ba3c-40f2e96c8ad8.jpg,500,375,garbage,127,180,331,352
aa738b2a-67a1-11e5-b4c6-40f2e96c8ad8.jpg,600,428,garbage,56,280,597,428
aa9b5c1e-67a0-11e5-a3d2-40f2e96c8ad8.jpg,1280,720,garbage,197,311,1248,701
aac7590e-679b-11e5-a533-40f2e96c8ad8.jpg,1698,1131,garbage,8,334,1652,1131
aace03c8-6799-11e5-ba3c-40f2e96c8ad8.jpg,4256,2832,garbage,2668,1357,4256,2638
aace03c8-6799-11e5-ba3c-40f2e96c8ad8.jpg,4256,2832,garbage,885,836,1488,1298
aace03c8-6799-11e5-ba3c-40f2e96c8ad8.jpg,4256,2832,garbage,574,1345,1968,2312
aacf458c-679c-11e5-aa4a-40f2e96c8ad8.jpg,350,263,garbage,10,64,332,253
ae586b14-679e-11e5-b0d3-40f2e96c8ad8.jpg,630,387,garbage,288,150,630,383
aebebae8-67a0-11e5-a3d2-40f2e96c8ad8.jpg,1600,1200,garbage,340,579,757,756
afe42072-679e-11e5-b0d3-40f2e96c8ad8.jpg,636,414,garbage,158,40,628,369
b01814f4-679e-11e5-b0d3-40f2e96c8ad8.jpg,4320,3240,garbage,715,1,2405,1387
b06a0168-67a0-11e5-a3d2-40f2e96c8ad8.jpg,1950,1305,garbage,1,549,1915,1305
b0ce2636-6799-11e5-ba3c-40f2e96c8ad8.jpg,480,267,garbage,84,181,231,267
b0ce2636-6799-11e5-ba3c-40f2e96c8ad8.jpg,480,267,garbage,298,135,410,182
b0ce2636-6799-11e5-ba3c-40f2e96c8ad8.jpg,480,267,garbage,416,135,439,149
b0ce2636-6799-11e5-ba3c-40f2e96c8ad8.jpg,480,267,garbage,233,186,321,234
b16a45a2-6799-11e5-ba3c-40f2e96c8ad8.jpg,1200,800,garbage,57,68,549,532
b16a45a2-6799-11e5-ba3c-40f2e96c8ad8.jpg,1200,800,garbage,828,64,1168,686
b24563b6-679a-11e5-9696-40f2e96c8ad8.jpg,559,421,garbage,274,212,449,397
b2672666-67a1-11e5-b4c6-40f2e96c8ad8.JPG,1600,1200,garbage,1199,773,1592,867
b2672666-67a1-11e5-b4c6-40f2e96c8ad8.JPG,1600,1200,garbage,267,799,788,931
b2b2e9aa-6799-11e5-ba3c-40f2e96c8ad8.JPG,620,350,garbage,276,170,611,350
b2debf3c-67a1-11e5-b4c6-40f2e96c8ad8.jpg,600,330,garbage,9,5,596,326
b366a456-679c-11e5-aa4a-40f2e96c8ad8.jpg,640,480,garbage,30,117,591,454
b3f27582-679a-11e5-9696-40f2e96c8ad8.jpg,460,345,garbage,72,81,446,153
b5175740-6798-11e5-8dd0-40f2e96c8ad8.jpg,3264,2448,garbage,953,380,2581,1890
b5332226-6799-11e5-ba3c-40f2e96c8ad8.jpg,340,272,garbage,195,51,340,177
b5332226-6799-11e5-ba3c-40f2e96c8ad8.jpg,340,272,garbage,9,183,331,272
b6565998-6799-11e5-ba3c-40f2e96c8ad8.JPG,620,350,garbage,1,97,620,350
b68d4646-679a-11e5-9696-40f2e96c8ad8.jpg,636,433,garbage,5,68,607,416
b6b92d2a-679e-11e5-b0d3-40f2e96c8ad8.jpg,1600,1131,garbage,166,332,1419,722
b76bd582-679a-11e5-9696-40f2e96c8ad8.jpg,2048,1536,garbage,577,623,2048,1444
b7b93148-6799-11e5-ba3c-40f2e96c8ad8.jpg,1200,837,garbage,22,52,1194,798
b8cf4c34-679e-11e5-b0d3-40f2e96c8ad8.jpg,170,255,garbage,54,133,154,204
b900043a-67a0-11e5-a5ed-40f2e96c8ad8.jpg,1024,692,garbage,434,524,637,692
b900043a-67a0-11e5-a5ed-40f2e96c8ad8.jpg,1024,692,garbage,688,550,845,684
b9543798-6797-11e5-8c9e-40f2e96c8ad8.jpg,1600,1200,garbage,24,12,1585,1170
b95d0380-679e-11e5-b0d3-40f2e96c8ad8.jpg,320,240,garbage,1,76,311,240
b975e710-679e-11e5-b0d3-40f2e96c8ad8.JPG,1600,1200,garbage,58,440,1597,939
b9bb0ce8-6797-11e5-8c9e-40f2e96c8ad8.jpg,800,533,garbage,15,11,786,514
ba01cf5a-679e-11e5-b0d3-40f2e96c8ad8.jpg,636,546,garbage,229,120,571,218
ba01cf5a-679e-11e5-b0d3-40f2e96c8ad8.jpg,636,546,garbage,95,383,636,544
ba076ca4-6798-11e5-8dd0-40f2e96c8ad8.jpg,1080,721,garbage,586,267,1043,512
ba076ca4-6798-11e5-8dd0-40f2e96c8ad8.jpg,1080,721,garbage,3,306,580,703
ba076ca4-6798-11e5-8dd0-40f2e96c8ad8.jpg,1080,721,garbage,760,497,1074,721
bb53cebe-679c-11e5-aa4a-40f2e96c8ad8.jpg,485,275,garbage,4,41,461,198
bb838188-679a-11e5-9696-40f2e96c8ad8.jpg,636,455,garbage,130,25,627,390
bb874434-679b-11e5-a533-40f2e96c8ad8.jpg,900,600,garbage,213,190,789,521
bbaf6120-6797-11e5-8c9e-40f2e96c8ad8.jpg,1280,960,garbage,30,376,1270,942
bbb8e818-679b-11e5-a533-40f2e96c8ad8.jpg,640,430,garbage,116,23,522,426
bbd22d48-679e-11e5-b0d3-40f2e96c8ad8.jpg,618,430,garbage,108,222,572,430
bd624f24-67a0-11e5-a5ed-40f2e96c8ad8.jpg,900,600,garbage,355,218,900,585
bdb07e74-679b-11e5-a533-40f2e96c8ad8.jpg,338,450,garbage,48,52,297,450
be03cab8-679e-11e5-b0d3-40f2e96c8ad8.jpg,560,315,garbage,154,85,501,218
bec9d886-6797-11e5-8c9e-40f2e96c8ad8.jpg,635,436,garbage,37,81,535,436
bf192dd8-679b-11e5-a533-40f2e96c8ad8.jpg,647,447,garbage,12,15,632,434
bf3122a4-679f-11e5-89b3-40f2e96c8ad8.jpg,800,600,garbage,12,7,800,595
bf5222ac-6799-11e5-ba3c-40f2e96c8ad8.jpg,759,422,garbage,220,209,750,422
bf9b0514-6797-11e5-8c9e-40f2e96c8ad8.jpg,611,404,garbage,15,118,507,382
c0372cb4-67a1-11e5-b4c6-40f2e96c8ad8.jpg,1920,2560,garbage,619,795,1746,2560
c03f4f8a-679b-11e5-a533-40f2e96c8ad8.jpg,2304,1536,garbage,1213,767,2292,1536
c069551e-67a0-11e5-a5ed-40f2e96c8ad8.jpg,700,490,garbage,439,214,700,338
c0a5fb02-6798-11e5-8dd0-40f2e96c8ad8.jpg,500,375,garbage,140,107,449,250
c0aa7294-679e-11e5-b0d3-40f2e96c8ad8.jpg,500,333,garbage,6,92,456,315
c17d10b6-6797-11e5-8c9e-40f2e96c8ad8.jpg,1024,768,garbage,27,121,1019,657
c1c788c4-6799-11e5-ba3c-40f2e96c8ad8.jpg,480,281,garbage,269,151,455,281
c1c788c4-6799-11e5-ba3c-40f2e96c8ad8.jpg,480,281,garbage,4,70,45,114
c3113530-679f-11e5-89b3-40f2e96c8ad8.jpg,2592,1944,garbage,323,1204,2592,1893
c3113530-679f-11e5-89b3-40f2e96c8ad8.jpg,2592,1944,garbage,939,818,1765,1194
c3352676-679e-11e5-b0d3-40f2e96c8ad8.jpg,430,323,garbage,138,140,430,289
c3d74078-6799-11e5-ba3c-40f2e96c8ad8.jpg,640,480,garbage,3,72,640,462
c3dc1e4c-6797-11e5-8c9e-40f2e96c8ad8.jpg,636,551,garbage,22,184,636,528
c4010b44-6797-11e5-8c9e-40f2e96c8ad8.jpg,636,423,garbage,235,100,445,423
c41226ae-67a1-11e5-b4c6-40f2e96c8ad8.jpg,468,368,garbage,92,233,448,368
c432b1b2-6797-11e5-8c9e-40f2e96c8ad8.jpg,636,421,garbage,101,99,620,404
c439e6ea-679b-11e5-a533-40f2e96c8ad8.jpg,1050,1400,garbage,74,365,975,1319
c45b6c24-6797-11e5-8c9e-40f2e96c8ad8.jpg,1600,1246,garbage,262,290,1593,1204
c4fa80c8-6799-11e5-ba3c-40f2e96c8ad8.jpg,4256,2832,garbage,129,751,827,1104
c53b02ee-679c-11e5-aa4a-40f2e96c8ad8.jpg,460,288,garbage,50,3,259,95
c53b02ee-679c-11e5-aa4a-40f2e96c8ad8.jpg,460,288,garbage,227,135,411,288
c5d5f542-679c-11e5-aa4a-40f2e96c8ad8.jpg,700,525,garbage,306,184,656,404
c5e12690-679e-11e5-b0d3-40f2e96c8ad8.jpg,1300,1175,garbage,28,276,1123,1017
c6139ab8-6798-11e5-8dd0-40f2e96c8ad8.jpg,1260,841,garbage,194,367,616,742
c65304ce-6797-11e5-8c9e-40f2e96c8ad8.jpg,1024,768,garbage,42,203,819,761
c68f666a-679e-11e5-b0d3-40f2e96c8ad8.jpg,500,374,garbage,65,137,437,369
c6da287a-679f-11e5-89b3-40f2e96c8ad8.jpg,2356,1786,garbage,215,832,2232,1739
c8e3c5a0-679e-11e5-b0d3-40f2e96c8ad8.JPG,400,273,garbage,25,14,400,265
c98e686e-679b-11e5-a533-40f2e96c8ad8.jpg,1632,1224,garbage,54,8,1611,1175
ca8b78da-6799-11e5-ba3c-40f2e96c8ad8.jpg,636,376,garbage,45,113,559,376
ca905d8e-6797-11e5-8c9e-40f2e96c8ad8.jpg,448,324,garbage,19,96,448,301
cb079cc2-6798-11e5-8dd0-40f2e96c8ad8.jpg,720,537,garbage,156,169,672,340
cb7f2eb8-6798-11e5-8dd0-40f2e96c8ad8.jpg,500,375,garbage,24,57,483,337
cbd479be-6797-11e5-8c9e-40f2e96c8ad8.jpg,636,424,garbage,16,86,630,398
cc0efe4a-6797-11e5-8c9e-40f2e96c8ad8.jpg,975,650,garbage,56,407,931,650
cc0efe4a-6797-11e5-8c9e-40f2e96c8ad8.jpg,975,650,garbage,567,182,964,418
cc5c414c-679b-11e5-a533-40f2e96c8ad8.JPG,1600,1200,garbage,99,421,1600,1047
cc96c98e-67a0-11e5-a5ed-40f2e96c8ad8.jpg,800,618,garbage,348,360,525,466
cc9a9b04-679b-11e5-a533-40f2e96c8ad8.jpg,500,375,garbage,9,87,500,361
cd5be980-679b-11e5-a533-40f2e96c8ad8.jpg,450,338,garbage,30,7,418,336
cdfa98b6-679e-11e5-b0e3-40f2e96c8ad8.jpg,1300,957,garbage,210,403,459,542
cdfa98b6-679e-11e5-b0e3-40f2e96c8ad8.jpg,1300,957,garbage,874,456,1172,594
ce179f46-679f-11e5-89b3-40f2e96c8ad8.jpg,800,533,garbage,29,15,780,513
ce2ffdee-6799-11e5-ba3c-40f2e96c8ad8.jpg,640,480,garbage,14,205,627,465
ce604ba2-6799-11e5-ba3c-40f2e96c8ad8.jpg,634,415,garbage,226,279,622,415
ce604ba2-6799-11e5-ba3c-40f2e96c8ad8.jpg,634,415,garbage,14,218,122,398
ce74cffa-679e-11e5-b0e3-40f2e96c8ad8.jpg,400,224,garbage,146,69,231,133
ce8848d0-679b-11e5-a533-40f2e96c8ad8.jpg,1096,729,garbage,9,36,1096,694
cede6f16-67a1-11e5-b4c6-40f2e96c8ad8.jpg,480,360,garbage,152,117,480,337
cf64b09e-6797-11e5-8c9e-40f2e96c8ad8.jpg,636,477,garbage,205,180,636,473
cf64b09e-6797-11e5-8c9e-40f2e96c8ad8.jpg,636,477,garbage,70,188,157,253
cf64b09e-6797-11e5-8c9e-40f2e96c8ad8.jpg,636,477,garbage,82,271,197,376
cf93f16a-6797-11e5-8c9e-40f2e96c8ad8.jpg,3072,2304,garbage,142,542,3068,2259
cfa45e80-679f-11e5-89b3-40f2e96c8ad8.jpg,523,392,garbage,19,18,498,356
d02921cc-679c-11e5-aa4a-40f2e96c8ad8.jpg,400,300,garbage,49,42,400,255
d068698e-6799-11e5-ba3c-40f2e96c8ad8.jpg,605,454,garbage,327,195,579,334
d068698e-6799-11e5-ba3c-40f2e96c8ad8.jpg,605,454,garbage,150,298,251,392
d0866434-679e-11e5-b0e3-40f2e96c8ad8.jpg,957,1300,garbage,67,257,825,1133
d1625026-679d-11e5-90f4-40f2e96c8ad8.jpg,550,366,garbage,293,131,478,244
d220b05e-679b-11e5-a533-40f2e96c8ad8.jpg,2592,1944,garbage,475,794,1755,1610
d2f86bda-679f-11e5-89b3-40f2e96c8ad8.jpg,1377,918,garbage,35,477,1360,884
d300faf8-6799-11e5-ba3c-40f2e96c8ad8.jpg,759,422,garbage,173,229,625,353
d3795f60-679a-11e5-9696-40f2e96c8ad8.jpg,1440,962,garbage,30,38,1421,890
d4318cd2-679c-11e5-aa4a-40f2e96c8ad8.jpg,3264,1870,garbage,1575,194,1831,334
d4318cd2-679c-11e5-aa4a-40f2e96c8ad8.jpg,3264,1870,garbage,1450,451,1856,866
d4318cd2-679c-11e5-aa4a-40f2e96c8ad8.jpg,3264,1870,garbage,2214,675,2501,862
d4318cd2-679c-11e5-aa4a-40f2e96c8ad8.jpg,3264,1870,garbage,288,685,905,1021
d4318cd2-679c-11e5-aa4a-40f2e96c8ad8.jpg,3264,1870,garbage,1902,105,1993,154
d4318cd2-679c-11e5-aa4a-40f2e96c8ad8.jpg,3264,1870,garbage,1673,130,1746,164
d4318cd2-679c-11e5-aa4a-40f2e96c8ad8.jpg,3264,1870,garbage,1129,238,1297,300
d4318cd2-679c-11e5-aa4a-40f2e96c8ad8.jpg,3264,1870,garbage,2271,1200,2535,1432
d4acc77e-6799-11e5-ba3c-40f2e96c8ad8.jpg,4256,2832,garbage,1,1021,2556,2787
d5058bb8-67a1-11e5-b4c6-40f2e96c8ad8.jpg,855,534,garbage,15,10,421,199
d5438138-679d-11e5-8121-40f2e96c8ad8.jpg,500,333,garbage,244,181,339,208
d5438138-679d-11e5-8121-40f2e96c8ad8.jpg,500,333,garbage,230,161,251,175
d5438138-679d-11e5-8121-40f2e96c8ad8.jpg,500,333,garbage,200,147,220,156
d5438138-679d-11e5-8121-40f2e96c8ad8.jpg,500,333,garbage,285,155,323,168
d5438138-679d-11e5-8121-40f2e96c8ad8.jpg,500,333,garbage,260,216,500,316
d5438138-679d-11e5-8121-40f2e96c8ad8.jpg,500,333,garbage,6,174,71,206
d5438138-679d-11e5-8121-40f2e96c8ad8.jpg,500,333,garbage,87,183,193,236
d5438138-679d-11e5-8121-40f2e96c8ad8.jpg,500,333,garbage,38,248,119,277
d5438138-679d-11e5-8121-40f2e96c8ad8.jpg,500,333,garbage,55,127,72,140
d5438138-679d-11e5-8121-40f2e96c8ad8.jpg,500,333,garbage,139,137,158,146
d5f7425c-679f-11e5-89b3-40f2e96c8ad8.JPG,422,280,garbage,23,19,403,254
d623eff6-6799-11e5-ba3c-40f2e96c8ad8.jpg,700,400,garbage,182,264,691,400
d6a362c8-6798-11e5-8dd0-40f2e96c8ad8.jpg,625,414,garbage,202,122,610,414
d73ce4e6-679f-11e5-89b3-40f2e96c8ad8.jpg,288,288,garbage,6,107,285,277
d7a7087a-679b-11e5-a533-40f2e96c8ad8.jpg,2048,1365,garbage,49,335,2038,1303
d7ae0920-679d-11e5-8121-40f2e96c8ad8.jpg,600,450,garbage,246,273,284,303
d7ae0920-679d-11e5-8121-40f2e96c8ad8.jpg,600,450,garbage,93,313,156,343
d7ae0920-679d-11e5-8121-40f2e96c8ad8.jpg,600,450,garbage,296,327,360,363
d7ae0920-679d-11e5-8121-40f2e96c8ad8.jpg,600,450,garbage,410,312,459,339
d7ae0920-679d-11e5-8121-40f2e96c8ad8.jpg,600,450,garbage,396,128,426,145
d7ae0920-679d-11e5-8121-40f2e96c8ad8.jpg,600,450,garbage,21,265,91,278
d7ae0920-679d-11e5-8121-40f2e96c8ad8.jpg,600,450,garbage,29,203,58,228
d7ae0920-679d-11e5-8121-40f2e96c8ad8.jpg,600,450,garbage,274,409,335,442
d7ae0920-679d-11e5-8121-40f2e96c8ad8.jpg,600,450,garbage,416,213,452,231
d7ae0920-679d-11e5-8121-40f2e96c8ad8.jpg,600,450,garbage,482,75,509,90
d855e19c-67a0-11e5-a5ed-40f2e96c8ad8.jpg,550,330,garbage,1,56,430,265
d867f99c-679e-11e5-b0e3-40f2e96c8ad8.jpg,480,360,garbage,100,84,389,340
d8783704-679d-11e5-8121-40f2e96c8ad8.jpg,600,450,garbage,8,256,58,303
d8783704-679d-11e5-8121-40f2e96c8ad8.jpg,600,450,garbage,196,287,258,320
d8783704-679d-11e5-8121-40f2e96c8ad8.jpg,600,450,garbage,434,205,493,232
d8783704-679d-11e5-8121-40f2e96c8ad8.jpg,600,450,garbage,532,259,564,285
d8783704-679d-11e5-8121-40f2e96c8ad8.jpg,600,450,garbage,400,320,439,350
d8783704-679d-11e5-8121-40f2e96c8ad8.jpg,600,450,garbage,341,70,374,84
d8783704-679d-11e5-8121-40f2e96c8ad8.jpg,600,450,garbage,60,182,90,199
d8fa3d0c-6799-11e5-80ca-40f2e96c8ad8.jpg,450,337,garbage,16,170,449,336
d90a077c-679a-11e5-9696-40f2e96c8ad8.jpg,400,289,garbage,101,73,400,285
d910d13a-6798-11e5-8dd0-40f2e96c8ad8.jpg,375,500,garbage,74,18,329,433
da3c3ad0-6799-11e5-80ca-40f2e96c8ad8.jpg,586,439,garbage,94,87,586,382
da93aac2-679e-11e5-b0e3-40f2e96c8ad8.jpg,852,480,garbage,296,123,504,274
dbfa461e-679e-11e5-b0e3-40f2e96c8ad8.jpg,400,224,garbage,325,157,400,222
dbfdc8b2-679d-11e5-8121-40f2e96c8ad8.jpg,618,416,garbage,61,280,618,396
dce3483a-679b-11e5-a533-40f2e96c8ad8.JPG,1558,1171,garbage,67,296,1541,1112
dd1a540a-67a1-11e5-b0b2-40f2e96c8ad8.jpg,500,361,garbage,46,199,500,352
de2721f0-679e-11e5-b0e3-40f2e96c8ad8.jpg,1200,900,garbage,127,121,474,383
de2721f0-679e-11e5-b0e3-40f2e96c8ad8.jpg,1200,900,garbage,301,241,986,655
dea356a0-67a1-11e5-b0b2-40f2e96c8ad8.jpg,636,407,garbage,307,197,636,359
df2dfd5c-679f-11e5-89b3-40f2e96c8ad8.jpg,464,261,garbage,20,15,444,245
df71c664-679e-11e5-b0e3-40f2e96c8ad8.jpg,400,224,garbage,111,100,316,181
df71f9c8-6798-11e5-8dd0-40f2e96c8ad8.jpg,500,375,garbage,1,215,321,319
df71f9c8-6798-11e5-8dd0-40f2e96c8ad8.jpg,500,375,garbage,321,202,417,260
e08aa49e-6799-11e5-80ca-40f2e96c8ad8.jpg,3264,2176,garbage,208,720,2654,2086
e0b9f4ee-6797-11e5-8c9e-40f2e96c8ad8.jpg,1024,768,garbage,27,162,979,662
e0c11ed8-679f-11e5-89b3-40f2e96c8ad8.jpg,2390,1709,garbage,709,1000,2388,1394
e0eccbce-679e-11e5-b0e3-40f2e96c8ad8.jpg,400,224,garbage,94,3,312,60
e3ad6a0e-6798-11e5-8dd0-40f2e96c8ad8.jpg,894,1200,garbage,30,513,894,1128
e442bfce-679c-11e5-aa4a-40f2e96c8ad8.jpg,460,276,garbage,87,23,453,250
e450d2f6-679e-11e5-b0e3-40f2e96c8ad8.jpg,400,226,garbage,21,140,251,226
e450d2f6-679e-11e5-b0e3-40f2e96c8ad8.jpg,400,226,garbage,160,34,282,138
e4552bb4-6797-11e5-8c9e-40f2e96c8ad8.jpg,1200,800,garbage,10,207,1180,699
e4b1a670-679f-11e5-89b3-40f2e96c8ad8.jpg,550,343,garbage,18,71,543,331
e4eaa158-679c-11e5-aa4a-40f2e96c8ad8.jpg,640,479,garbage,83,212,422,379
e508b54c-679e-11e5-b0e3-40f2e96c8ad8.jpg,1300,951,garbage,36,251,1300,705
e584c5a6-6799-11e5-80ca-40f2e96c8ad8.jpg,450,238,garbage,241,185,356,238
e61db024-6797-11e5-8c9e-40f2e96c8ad8.jpg,2272,1704,garbage,31,946,1873,1497
e61db024-6797-11e5-8c9e-40f2e96c8ad8.jpg,2272,1704,garbage,625,602,1682,948
e61db024-6797-11e5-8c9e-40f2e96c8ad8.jpg,2272,1704,garbage,1078,396,1512,596
e635ed54-679e-11e5-b0e3-40f2e96c8ad8.jpg,500,375,garbage,13,18,490,370
e6ea104e-679f-11e5-89b3-40f2e96c8ad8.jpg,604,452,garbage,28,44,578,387
e73c30b0-679d-11e5-8121-40f2e96c8ad8.jpg,1280,960,garbage,616,419,954,838
e7941b4c-67a0-11e5-a5ed-40f2e96c8ad8.jpg,750,480,garbage,18,270,663,480
e80570cc-679a-11e5-9696-40f2e96c8ad8.jpg,310,206,garbage,62,36,245,159
e819a0d6-67a1-11e5-b0b2-40f2e96c8ad8.jpg,500,375,garbage,29,172,433,340
e8887d18-67a0-11e5-a5ed-40f2e96c8ad8.jpg,1300,957,garbage,383,246,1204,721
e8ea4080-679f-11e5-89b3-40f2e96c8ad8.jpg,2592,1944,garbage,75,132,2592,1818
e911df08-679c-11e5-aa4a-40f2e96c8ad8.jpg,5118,3203,garbage,1130,1495,4690,2475
e9a2863e-67a1-11e5-b0b2-40f2e96c8ad8.jpg,660,440,garbage,150,198,447,423
e9b135ec-679e-11e5-b0e3-40f2e96c8ad8.jpg,270,194,garbage,18,64,249,174
eac25830-6799-11e5-80ca-40f2e96c8ad8.jpg,2500,1378,garbage,97,250,2410,1270
eb929eb6-67a1-11e5-b0b2-40f2e96c8ad8.jpg,630,378,garbage,178,61,580,378
ec63509c-679c-11e5-aa4a-40f2e96c8ad8.jpg,350,233,garbage,23,82,148,220
ec63509c-679c-11e5-aa4a-40f2e96c8ad8.jpg,350,233,garbage,166,19,350,127
ed080708-679d-11e5-8121-40f2e96c8ad8.jpg,500,400,garbage,235,140,291,155
ed080708-679d-11e5-8121-40f2e96c8ad8.jpg,500,400,garbage,315,150,354,168
ed080708-679d-11e5-8121-40f2e96c8ad8.jpg,500,400,garbage,263,200,284,217
ed080708-679d-11e5-8121-40f2e96c8ad8.jpg,500,400,garbage,294,262,342,308
ed080708-679d-11e5-8121-40f2e96c8ad8.jpg,500,400,garbage,105,328,171,378
ed080708-679d-11e5-8121-40f2e96c8ad8.jpg,500,400,garbage,128,185,234,252
ed080708-679d-11e5-8121-40f2e96c8ad8.jpg,500,400,garbage,70,144,83,157
ed78ccda-679e-11e5-b0e3-40f2e96c8ad8.jpg,400,224,garbage,55,112,385,224
eee87598-679e-11e5-b0e3-40f2e96c8ad8.jpg,1300,951,garbage,708,452,1249,686
ef2002e6-679f-11e5-89b3-40f2e96c8ad8.jpg,3008,2000,garbage,17,1277,2953,2000
ef2002e6-679f-11e5-89b3-40f2e96c8ad8.jpg,3008,2000,garbage,1455,529,2977,1248
ef323454-6798-11e5-8dd0-40f2e96c8ad8.jpg,1300,956,garbage,736,539,1254,757
ef323454-6798-11e5-8dd0-40f2e96c8ad8.jpg,1300,956,garbage,366,378,1081,488
ef323454-6798-11e5-8dd0-40f2e96c8ad8.jpg,1300,956,garbage,184,345,762,393
ef9c9fe8-679c-11e5-aa4a-40f2e96c8ad8.jpg,400,324,garbage,15,16,383,314
f0092422-679e-11e5-b0e3-40f2e96c8ad8.jpg,500,375,garbage,8,115,481,277
f0494004-679c-11e5-aa4a-40f2e96c8ad8.jpg,500,375,garbage,202,80,314,153
f0494004-679c-11e5-aa4a-40f2e96c8ad8.jpg,500,375,garbage,24,143,415,282
f071a9c6-679d-11e5-8121-40f2e96c8ad8.jpg,500,334,garbage,112,183,185,213
f071a9c6-679d-11e5-8121-40f2e96c8ad8.jpg,500,334,garbage,305,173,366,201
f071a9c6-679d-11e5-8121-40f2e96c8ad8.jpg,500,334,garbage,254,166,283,185
f174c27e-679b-11e5-a533-40f2e96c8ad8.jpg,400,300,garbage,20,21,387,279
f2d5cf54-67a1-11e5-b0b2-40f2e96c8ad8.jpg,636,342,garbage,1,193,506,330
f2d5cf54-67a1-11e5-b0b2-40f2e96c8ad8.jpg,636,342,garbage,159,89,245,112
f3905e74-67a0-11e5-a5ed-40f2e96c8ad8.jpg,4096,2723,garbage,349,1119,4096,2172
f3f6e950-679b-11e5-a533-40f2e96c8ad8.jpg,440,330,garbage,16,203,430,328
f3f6e950-679b-11e5-a533-40f2e96c8ad8.jpg,440,330,garbage,165,151,421,201
f3f6e950-679b-11e5-a533-40f2e96c8ad8.jpg,440,330,garbage,301,124,402,149
f41d53c6-679e-11e5-b0e3-40f2e96c8ad8.jpg,700,458,garbage,305,112,700,443
f42f666e-679f-11e5-89b3-40f2e96c8ad8.jpg,900,599,garbage,10,10,632,178
f42f666e-679f-11e5-89b3-40f2e96c8ad8.jpg,900,599,garbage,1,200,416,523
f42f666e-679f-11e5-89b3-40f2e96c8ad8.jpg,900,599,garbage,699,354,885,599
f42f666e-679f-11e5-89b3-40f2e96c8ad8.jpg,900,599,garbage,452,424,696,592
f469624a-6797-11e5-8c9e-40f2e96c8ad8.jpg,1134,741,garbage,29,387,1085,741
f469624a-6797-11e5-8c9e-40f2e96c8ad8.jpg,1134,741,garbage,407,25,677,374
f469624a-6797-11e5-8c9e-40f2e96c8ad8.jpg,1134,741,garbage,740,17,1118,154
f469624a-6797-11e5-8c9e-40f2e96c8ad8.jpg,1134,741,garbage,923,165,1120,306
f469624a-6797-11e5-8c9e-40f2e96c8ad8.jpg,1134,741,garbage,13,57,122,174
f57caa36-679f-11e5-89b3-40f2e96c8ad8.jpg,460,276,garbage,10,114,456,270
f649a522-679a-11e5-9696-40f2e96c8ad8.jpg,1440,962,garbage,49,34,1366,888
f775f9c8-679f-11e5-89b3-40f2e96c8ad8.jpg,1200,691,garbage,25,20,1200,664
f7c31030-679c-11e5-90f4-40f2e96c8ad8.jpg,500,400,garbage,51,54,500,303
f91b9ba2-679a-11e5-9696-40f2e96c8ad8.jpg,640,427,garbage,63,32,587,427
f9deda16-6797-11e5-8c9e-40f2e96c8ad8.jpg,470,335,garbage,12,140,387,335
f9deda16-6797-11e5-8c9e-40f2e96c8ad8.jpg,470,335,garbage,228,89,385,138
fa91c5ba-679f-11e5-89b3-40f2e96c8ad8.jpg,2112,1584,garbage,23,19,2071,1526
fad5823e-6798-11e5-8dd0-40f2e96c8ad8.jpg,319,208,garbage,52,106,243,208
fbfcf044-6797-11e5-8c9e-40f2e96c8ad8.jpg,460,360,garbage,10,81,452,340
fc27730a-679c-11e5-90f4-40f2e96c8ad8.jpg,348,350,garbage,23,103,99,145
fc27730a-679c-11e5-90f4-40f2e96c8ad8.jpg,348,350,garbage,93,34,145,80
fc27730a-679c-11e5-90f4-40f2e96c8ad8.jpg,348,350,garbage,151,113,284,201
fcf6aa8c-679f-11e5-89b3-40f2e96c8ad8.jpg,629,390,garbage,12,1,618,379
fd0a8fd2-6797-11e5-8c9e-40f2e96c8ad8.jpg,590,325,garbage,10,115,590,321
fd66bbc8-67a0-11e5-a5ed-40f2e96c8ad8.jpg,780,520,garbage,260,254,743,505
fd67a08c-67a1-11e5-b0b2-40f2e96c8ad8.jpg,635,477,garbage,134,145,635,402
fe465ee6-679f-11e5-89b3-40f2e96c8ad8.jpg,1300,975,garbage,39,453,1166,947
ff34fbda-6797-11e5-8c9e-40f2e96c8ad8.jpg,1300,957,garbage,76,160,1286,768
ff3f23cc-67a0-11e5-a5ed-40f2e96c8ad8.jpg,1300,1065,garbage,432,644,1245,934
